transaction_id,property_id,agent_id,client_id,transaction_type,status,list_price,sale_price,commission_earned,close_date,days_on_market
1,348,17,149,RENTAL,Closed,2992.5,3054870.52,"$98,848.82",07/19/2024,
2,196,27,297,LEASE,CLOSED,"$3,964","$2,158,163.34",65109.23,2026-01-09,88.0
3,97,34,394,Rental,Pending,"$7,731","$2,481,002.91",88384.76,11/21/2024,
4,62,46,102,Purchase,Closed,3529.28,"$3,377,579.56",,2026-05-10,188.0
5,37,44,399,Lease,close,"$658,594.89",822543.08,47244.2,07-12-2025,176.0
6,44,14,200,Purchase,canceled,"$5,216",1955530.74,"$-113,959.75",2025-04-10,0.0
7,33,12,119,rental,cancelled,"$386,686",3426929.42,"$170,734.60",2025-09-07,
8,113,12,299,rental,WITHDRAWN,"$7,551",1252910.5,64173.44,07-08-2025,
9,390,37,183,Lease,WITHDRAWN,1964.42,"$1,369,183.10",35641.41,07-03-2026,140.0
10,129,45,387,PURCHASE,canceled,"$2,177,231","$1,099,942.24",,15-06-2025,
11,45,16,381,Purchase,ACTIVE,"$2,598,928",2500081.32,94011.52,2025-06-28,0.0
12,198,42,368,Purchase,Pending,2817000.25,3405708.3,122344.6,2026-01-31,176.0
13,380,35,157,Rental,canceled,"$3,188",1180929.37,47852.52,02-10-2024,
14,73,21,67,RENTAL,pending,2139027.16,"$2,853,685.10",164998.57,09/05/2026,301.0
15,195,8,24,PURCHASE,Closed,"$991,478.12",2069914.56,"$60,520.43",22-10-2024,
16,123,23,144,lease,pending,"$1,477.74","$3,166,473.14",115979.29,17-05-2027,0.0
17,284,33,398,Sale,ACTIVE,"$485,616",1650548.07,,2025-06-14,0.0
18,304,11,150,sale,CANCELLED,"$7,057",624339.78,,2024-10-16,-5.0
19,326,45,368,rental,Active,"$7,212.81",3429207.0,,2026-04-13,230.0
20,203,4,118,sale,Cancelled,2710421.63,1196015.94,,11/17/2025,-5.0
21,238,12,232,LEASE,Cancelled,1422672.41,732401.65,,09-10-2025,0.0
22,349,15,330,lease,Closed,"$1,450,405",2408475.0,93661.56,2024-09-05,0.0
23,86,45,311,RENTAL,ACTIVE,833260.69,2505216.39,"$108,958.45",09/25/2024,201.0
24,38,14,352,RENTAL,Active,"$1,654,057",3460641.94,95824.49,05/25/2025,-5.0
25,7,13,141,sale,Active,"$551,320.50",3437585.22,,17-04-2025,0.0
26,394,3,26,Sale,cancelled,2769.7,"$1,619,538.91",,12/22/2025,361.0
27,309,8,200,sale,WITHDRAWN,2952.41,"$2,785,489.11",141659.36,10-01-2026,
28,266,14,235,SALE,closed,"$4,101",1023581.32,59573.2,15-08-2025,0.0
29,9,50,266,lease,PENDING,2071584.58,"$3,456,469.04","$174,363.32",2025-07-02,0.0
30,276,2,375,Rental,close,1569561.86,766756.53,"$23,509.76",01/29/2026,
31,407,33,229,Lease,Cancelled,6007.09,"$1,113,080.67",,10/03/2024,356.0
32,128,24,330,rental,closed,"$693,913.44",673682.22,,30-09-2024,-5.0
33,234,27,377,PURCHASE,cancelled,1097830.37,"$2,168,122.67",115143.0,29-05-2026,111.0
34,488,8,144,sale,ACTIVE,"$5,938",296635.9,13861.53,11-05-2025,227.0
35,55,35,389,Purchase,Withdrawn,"$2,385,710",2050013.38,64579.4,2024-09-27,96.0
36,203,11,241,lease,pending,2710421.63,647824.68,,06/06/2025,0.0
37,258,1,369,sale,close,2362419.63,2817514.4,"$129,104.79",01-06-2025,270.0
38,208,24,322,SALE,closed,3567.06,2726217.0,,25-04-2025,354.0
39,30,28,175,Rental,Active,"$2,058,503.52","$1,296,465.66",38985.63,2026-01-28,0.0
40,476,19,153,rental,CANCELLED,5529.63,2629314.61,98083.03,10-04-2025,338.0
41,282,28,294,sale,Withdrawn,"$4,159",1449961.42,"$84,672.57",28-05-2025,0.0
42,343,34,91,Purchase,WITHDRAWN,"$2,989,261","$2,494,318.64","$80,253.95",03/06/2025,0.0
43,4,48,311,Purchase,CLOSED,"$1,122,855","$2,182,864.16",,01/23/2026,281.0
44,108,4,315,rental,Active,"$2,866.31",599865.71,,05-06-2025,6.0
45,60,14,157,Rental,close,3661.87,1848230.32,59387.31,29-05-2025,0.0
46,34,31,123,Lease,Active,"$373,176",3078866.12,111176.52,06/27/2025,-5.0
47,290,7,67,PURCHASE,CANCELLED,"$2,458,147.83",2810000.5,126195.43,05/24/2025,-5.0
48,152,4,58,Sale,close,1932360.07,464698.65,,11/03/2025,
49,415,43,283,sale,Active,"$2,394",1795362.68,71187.16,06/12/2025,-5.0
50,491,9,128,Sale,CLOSED,"$2,040.74",2958169.24,172214.67,04/14/2026,
51,80,5,180,RENTAL,cancelled,2271017.21,2327464.66,-123649.93,2024-12-18,343.0
52,259,33,257,Lease,Cancelled,"$2,570,642",3459145.75,156184.15,10-04-2026,310.0
53,112,10,8,Sale,close,"$4,920.14",685232.23,21605.75,2025-06-07,
54,417,24,313,RENTAL,pending,2156810.12,"$2,024,131.28",,2027-04-04,0.0
55,81,49,322,Lease,ACTIVE,6802.23,"$708,086.98","$29,577.73",04/21/2025,312.0
56,377,8,203,Lease,pending,7268.31,"$1,575,502.95",80066.27,09-05-2025,49.0
57,184,50,87,rental,CLOSED,"$6,972",370907.09,15510.62,2027-03-14,
58,363,1,320,sale,Active,7692.11,"$1,838,188.22",,09/04/2025,0.0
59,203,29,314,Purchase,CLOSED,2710421.63,1004803.56,,10/07/2025,-5.0
60,249,7,25,PURCHASE,ACTIVE,"$538,022.99","$889,201.39",,20-11-2025,-5.0
61,413,40,377,PURCHASE,active,351959.6,"$3,038,339.77",154003.78,18-09-2025,98.0
62,20,8,24,Purchase,canceled,2796.33,3143275.42,70178.97,2025-08-27,0.0
63,290,26,382,sale,ACTIVE,"$2,458,147.83","$2,572,613.85",,2024-08-08,80.0
64,185,1,286,LEASE,Active,"$1,279,384.52",2578226.88,112871.09,2024-11-15,341.0
65,321,4,378,lease,CLOSED,"$663,539.32","$2,286,158.75",47971.66,04/14/2025,103.0
66,131,7,256,lease,Cancelled,2251.62,2325560.8,61917.44,08/28/2024,0.0
67,164,40,86,Purchase,cancelled,"$1,063,240.66","$1,774,054.28","$56,901.32",06-04-2026,0.0
68,33,22,355,Rental,ACTIVE,"$386,686",2918517.84,,06/24/2026,
69,152,19,172,Sale,pending,1932360.07,1867159.46,42012.22,19-11-2024,85.0
70,252,29,349,Purchase,Withdrawn,"$6,918.13",720501.8,,05/06/2025,-5.0
71,180,17,330,RENTAL,PENDING,1326074.8,"$3,300,824.11",157407.15,02-12-2024,44.0
72,186,30,181,RENTAL,Cancelled,7473.69,1071870.05,46235.8,2026-04-28,0.0
73,190,23,118,Purchase,Closed,"$1,029,467.34",3043619.34,141612.96,2026-06-04,-5.0
74,174,34,172,SALE,pending,"$6,579","$1,846,762.11",,2025-08-05,-5.0
75,77,34,287,rental,canceled,"$1,240,879","$2,863,778.65",159493.7,2025-07-25,
76,356,15,43,Rental,Closed,"$1,323,779.14",2754454.64,114449.51,2025-04-26,9.0
77,28,13,315,Sale,canceled,"$4,657.36",1778860.73,81135.98,06/01/2026,
78,70,13,110,sale,Active,"$6,469.88",2542320.93,138892.23,04/16/2026,-5.0
79,491,49,114,RENTAL,canceled,"$2,040.74",2745085.49,"$68,139.43",2026-02-14,
80,92,39,224,PURCHASE,active,3638.12,477742.05,"$25,545.69",09/08/2025,339.0
81,259,30,102,sale,Cancelled,"$2,570,642",412791.42,"$18,003.91",2025-01-01,0.0
82,207,25,386,lease,CANCELLED,1643.92,"$2,344,695.24",128386.35,27-05-2026,224.0
83,202,31,154,Lease,Active,"$1,537,870.27",2025984.73,"$88,049.66",2026-06-19,226.0
84,228,24,353,Purchase,WITHDRAWN,"$2,273,114.40",1473832.79,41568.71,04/28/2026,0.0
85,416,12,28,sale,WITHDRAWN,1120772.34,1116516.61,54584.44,07/24/2025,
86,482,6,392,PURCHASE,cancelled,3245.63,1847509.57,52930.85,11/25/2024,
87,49,16,364,sale,ACTIVE,3210.84,"$916,188.04",,08-10-2024,142.0
88,403,29,199,rental,WITHDRAWN,1722.77,"$2,423,540.98","$91,625.99",04-04-2026,245.0
89,310,2,176,Purchase,pending,"$887,515.66","$1,652,896.59",,08/07/2025,140.0
90,136,10,136,lease,PENDING,"$1,213,333",2010885.36,86913.15,10/26/2025,-5.0
91,123,22,203,RENTAL,pending,"$1,477.74",615013.05,34407.57,01-05-2026,291.0
92,114,34,185,SALE,Cancelled,"$3,613.31",1211593.22,61589.43,2027-04-09,324.0
93,249,15,269,rental,Closed,"$538,022.99","$896,586.27",,08/19/2025,236.0
94,352,28,9,Rental,WITHDRAWN,773957.9,1197440.99,,2025-10-12,-5.0
95,226,36,349,Purchase,ACTIVE,2474187.4,"$303,416.95","$7,240.00",2024-12-03,7.0
96,321,13,375,LEASE,CLOSED,"$663,539.32",1619532.32,,07/03/2024,0.0
97,276,15,217,Lease,Withdrawn,1569561.86,2736064.53,143110.38,2024-08-07,
98,181,45,55,PURCHASE,pending,"$5,248","$915,259.66",,04/21/2026,312.0
99,258,3,320,sale,Pending,2362419.63,2369621.03,127910.5,04/09/2025,0.0
100,324,38,225,Purchase,cancelled,"$4,685.01",3213248.3,116540.7,2026-05-20,196.0
101,238,30,376,Lease,Pending,1422672.41,3179742.3,"$90,580.25",08-01-2026,-5.0
102,145,48,175,Purchase,Active,4373.0,"$1,520,539.16",56903.54,05/22/2025,0.0
103,365,12,202,RENTAL,cancelled,"$6,250",1528632.11,63697.87,02/21/2026,0.0
104,111,13,230,Sale,pending,"$3,729","$3,155,120.71",-139336.27,2025-11-28,232.0
105,223,29,105,lease,active,2024402.15,2318029.87,"$127,946.18",08-07-2024,245.0
106,103,47,10,Rental,canceled,1534676.69,"$3,207,104.26",167249.41,07-10-2025,
107,428,2,183,PURCHASE,Active,"$5,384.76",2323399.46,,10-04-2027,
108,306,35,64,sale,Active,2450848.71,3074295.95,138543.26,2026-03-16,30.0
109,352,23,245,SALE,cancelled,773957.9,1428576.45,"$76,986.79",2024-09-21,
110,34,41,148,PURCHASE,Withdrawn,"$373,176","$2,669,027.34",,01-05-2026,0.0
111,453,12,133,SALE,pending,1113053.31,2098882.81,107476.21,12/25/2025,69.0
112,394,30,218,lease,CANCELLED,2769.7,1758116.24,"$91,334.41",10-02-2025,0.0
113,45,6,241,lease,close,"$2,598,928",2949193.07,88999.92,2025-01-24,0.0
114,180,23,391,sale,ACTIVE,1326074.8,"$2,546,767.30",138639.91,2026-01-20,-5.0
115,82,22,298,Sale,Closed,1535161.04,840523.02,26612.63,05-05-2025,
116,207,12,293,Rental,Closed,1643.92,"$3,204,650.67","$148,749.00",16-07-2025,219.0
117,22,48,15,SALE,PENDING,5869.24,"$2,678,166.06",,2026-04-29,0.0
118,493,5,51,Rental,Cancelled,5842.94,3445020.87,181940.87,2025-04-20,0.0
119,475,44,5,SALE,CANCELLED,1780.89,2784909.97,102177.93,02/17/2026,299.0
120,129,26,363,sale,cancelled,"$2,177,231",3261167.86,,15-03-2025,
121,477,33,162,Rental,Closed,1448868.06,"$2,040,957.14",44261.56,2025-06-01,197.0
122,424,36,372,rental,active,"$3,878",1010763.1,"$58,868.95",2024-08-31,
123,357,4,147,Rental,canceled,961187.46,246341.33,7653.73,10/14/2024,
124,250,50,238,Rental,active,"$1,336","$1,531,214.43","$61,021.10",2026-02-28,-5.0
125,338,43,362,rental,cancelled,5713.1,2010805.03,"$41,419.69",12/31/2026,216.0
126,77,29,184,Rental,cancelled,"$1,240,879",259005.89,5309.47,01/23/2025,0.0
127,284,6,345,Rental,closed,"$485,616",1299841.77,"$68,390.69",2026-06-23,
128,378,18,119,Purchase,closed,1908299.72,1686378.67,92266.14,01/09/2026,215.0
129,35,25,133,LEASE,active,"$4,994.40",968329.39,,30-06-2025,-5.0
130,166,43,106,sale,Cancelled,"$1,330,961.13",2771647.18,,22-01-2026,298.0
131,69,23,122,Purchase,PENDING,595116.21,936373.03,,2025-06-13,66.0
132,13,24,5,Purchase,active,"$1,796,543","$1,161,123.90",,11/02/2024,
133,378,3,31,LEASE,CANCELLED,1908299.72,670247.67,,05/30/2026,-5.0
134,356,43,56,LEASE,closed,"$1,323,779.14","$2,505,246.24",65368.82,02/04/2026,37.0
135,285,8,310,sale,canceled,"$7,440","$1,079,893.81",28092.39,2024-10-28,114.0
136,416,19,129,sale,Withdrawn,1120772.34,353812.6,"$9,231.05",05/03/2025,58.0
137,215,35,107,LEASE,WITHDRAWN,1457315.04,2814745.83,,2026-05-25,
138,274,44,281,sale,cancelled,"$2,410,544",1094214.92,48073.05,04-11-2024,37.0
139,181,28,272,RENTAL,canceled,"$5,248",493402.47,18763.66,01/12/2025,239.0
140,116,45,271,rental,active,309630.66,"$2,968,933.51",160609.36,2025-07-25,314.0
141,478,45,256,RENTAL,Active,"$1,916.68",1914430.62,,2027-06-05,37.0
142,170,26,341,sale,close,610993.06,2170875.57,,08-07-2025,-5.0
143,13,39,81,rental,closed,"$1,796,543","$1,120,533.64","$43,531.38",09/26/2024,276.0
144,114,28,379,Sale,close,"$3,613.31",1504194.69,47282.02,2024-10-30,0.0
145,49,46,197,Rental,Pending,3210.84,1642511.92,,26-01-2026,-5.0
146,399,17,62,lease,canceled,7022.18,919883.16,,09/28/2025,-5.0
147,197,42,17,RENTAL,WITHDRAWN,5423.78,2382021.13,,2025-07-16,167.0
148,317,18,231,PURCHASE,canceled,2894.12,"$2,343,614.57","$104,767.03",2026-10-11,11.0
149,161,21,11,rental,Pending,"$2,654,287.86",1683849.8,44518.88,03-05-2027,46.0
150,466,18,222,PURCHASE,Closed,"$2,969,371.50",587290.68,"$23,385.95",06/10/2026,
151,198,37,327,Sale,pending,2817000.25,503772.87,29618.92,05/24/2025,
152,376,46,116,RENTAL,active,"$7,210.09",3458297.79,137528.82,10/13/2026,
153,204,5,219,Lease,Pending,2855259.7,2970435.81,"$150,642.85",01/22/2026,224.0
154,436,25,211,Rental,CLOSED,"$3,769.27","$1,514,362.80",32656.57,21-11-2025,0.0
155,88,6,398,sale,active,"$1,436.95",2286659.66,94781.02,08-09-2024,21.0
156,68,26,16,LEASE,ACTIVE,"$2,018,193",303945.9,10994.05,10/26/2024,55.0
157,142,41,111,Lease,Pending,"$1,646","$1,248,584.39",57058.56,14-10-2024,225.0
158,45,47,68,lease,Cancelled,"$2,598,928",340445.33,8713.44,2025-02-10,-5.0
159,449,5,212,lease,Pending,"$5,676.49",896117.52,52405.53,12/10/2024,0.0
160,419,32,292,LEASE,Withdrawn,4413.08,2740234.7,"$121,101.34",2025-03-28,227.0
161,138,39,161,rental,canceled,"$1,900",230696.29,5689.67,10/12/2025,-5.0
162,185,28,58,Purchase,closed,"$1,279,384.52",1882255.84,108713.25,2024-10-02,112.0
163,158,29,235,lease,Active,1277.74,2750327.3,,02-02-2026,181.0
164,408,42,184,LEASE,close,"$6,880.26","$2,130,350.58","$127,427.44",2025-11-06,
165,75,43,164,LEASE,canceled,"$1,940,504",206984.49,5028.53,2026-03-22,
166,264,35,300,Sale,Pending,5136.91,1496048.43,73978.93,01/05/2025,0.0
167,60,23,383,SALE,close,3661.87,2602456.29,,01/08/2025,0.0
168,453,20,234,Rental,active,1113053.31,3143296.89,,2025-09-10,0.0
169,496,49,124,PURCHASE,active,"$7,546",3461198.41,,27-02-2026,
170,66,47,57,Rental,cancelled,"$7,358.17","$689,533.48",40614.49,24-09-2024,-5.0
171,154,30,319,RENTAL,Active,1602332.1,1273925.63,51421.92,2026-06-09,
172,200,7,264,Lease,Withdrawn,"$1,634.14",1449930.17,72021.08,21-12-2025,-5.0
173,61,15,226,sale,WITHDRAWN,"$1,948,218",1712836.73,,22-04-2025,4.0
174,364,42,52,sale,Cancelled,"$1,437,742",3418627.2,"$163,589.67",12/20/2025,301.0
175,200,2,9,LEASE,canceled,"$1,634.14",543083.69,22822.01,19-03-2026,134.0
176,433,13,65,Purchase,CLOSED,"$6,536",3393863.31,"$160,241.93",18-11-2026,229.0
177,208,40,183,lease,CLOSED,3567.06,242582.51,"$11,943.89",2026-05-28,0.0
178,88,22,188,sale,Active,"$1,436.95",1348762.77,69817.66,2025-09-11,-5.0
179,51,34,272,Lease,cancelled,2983.36,2391095.95,141635.3,07/24/2024,
180,123,12,55,Purchase,Withdrawn,"$1,477.74",464740.57,"$26,020.15",2026-02-11,173.0
181,303,30,247,Purchase,cancelled,"$6,738.24","$3,452,299.70",,2026-04-06,135.0
182,112,6,68,sale,WITHDRAWN,"$4,920.14",1931358.3,-61700.55,09/21/2024,195.0
183,287,11,22,Purchase,WITHDRAWN,"$1,721,733",2538029.72,"$73,005.49",2026-04-30,0.0
184,206,31,372,rental,Cancelled,6753.52,"$3,113,561.92",154167.27,12-11-2024,
185,282,23,313,SALE,ACTIVE,"$4,159",288874.07,"$10,134.98",2025-01-07,0.0
186,248,42,73,RENTAL,cancelled,"$2,784.67",3487865.15,,01/24/2025,333.0
187,389,39,13,Rental,closed,"$7,956",947250.32,27283.0,2025-05-21,147.0
188,302,43,349,Lease,PENDING,783519.95,"$1,711,262.02",46880.23,2024-08-26,213.0
189,283,20,234,rental,pending,2536863.24,"$1,452,796.17","$53,920.32",2025-09-05,-5.0
190,489,44,61,SALE,Active,2095305.8,561097.55,16790.68,2025-08-15,355.0
191,273,40,22,LEASE,Active,2256.57,"$343,790.14",,2025-01-28,64.0
192,464,34,51,rental,Pending,4914.88,"$1,793,265.01",,2026-06-30,
193,97,35,81,Rental,close,"$7,731",843824.83,42207.41,2025-07-27,315.0
194,101,27,205,LEASE,active,"$4,473.51",1489527.37,,09-12-2025,-5.0
195,290,24,179,LEASE,WITHDRAWN,"$2,458,147.83","$2,056,096.49",88977.62,12/10/2024,79.0
196,282,13,310,rental,Pending,"$4,159",3098814.41,170974.15,05-06-2025,153.0
197,303,36,335,RENTAL,ACTIVE,"$6,738.24","$663,697.24",39731.59,01/21/2025,-5.0
198,71,33,372,sale,Pending,1575716.02,1979577.94,"$111,005.88",15-11-2024,-5.0
199,379,3,89,rental,canceled,2784.8,1702166.81,84810.3,05/31/2025,31.0
200,388,8,60,Lease,Withdrawn,710619.79,"$1,802,238.75",68533.51,04/17/2025,-5.0
201,330,6,294,sale,canceled,"$2,998.82","$2,065,898.36","$79,898.53",2026-05-16,-5.0
202,386,25,43,Purchase,Withdrawn,"$3,535","$1,833,998.31","$101,149.99",10/14/2025,0.0
203,488,42,257,SALE,canceled,"$5,938",3201852.94,104378.57,01/15/2025,
204,305,25,161,sale,close,2293053.99,2369435.23,,05/28/2025,232.0
205,164,17,168,rental,Withdrawn,"$1,063,240.66",1673589.93,36227.31,10-06-2025,-5.0
206,342,11,135,sale,ACTIVE,"$7,583.42",1157846.54,"$60,612.79",11/19/2024,336.0
207,203,46,24,lease,ACTIVE,2710421.63,3380692.16,120052.25,01-07-2026,-5.0
208,216,38,63,Rental,CANCELLED,7721.59,"$1,582,107.23",,2026-06-01,0.0
209,272,11,264,lease,close,2446792.03,1682695.41,70416.39,16-02-2026,138.0
210,11,11,371,SALE,Withdrawn,3599.23,1904350.74,"$100,189.64",11/06/2024,223.0
211,157,28,238,rental,PENDING,4569.64,"$2,027,878.54",116381.54,04-07-2025,0.0
212,423,40,361,Purchase,cancelled,"$2,641,433",1855212.9,,01-02-2025,200.0
213,399,50,218,SALE,CLOSED,7022.18,904307.99,35486.22,12/24/2024,
214,37,3,126,LEASE,cancelled,"$658,594.89","$778,572.89",36994.0,03-10-2025,0.0
215,458,49,261,sale,ACTIVE,2892.97,"$2,659,469.87",131483.93,26-03-2025,-5.0
216,211,13,305,RENTAL,WITHDRAWN,6381.83,1221533.84,41534.02,10-12-2025,4.0
217,174,27,251,PURCHASE,cancelled,"$6,579",766680.51,44581.11,10-09-2024,0.0
218,132,35,354,Rental,closed,"$5,387",1023199.24,21429.69,2025-10-15,317.0
219,10,28,19,Sale,CANCELLED,1586723.84,1939095.14,"$41,853.33",2024-12-19,-5.0
220,116,42,99,rental,canceled,309630.66,3192864.4,152009.42,2025-03-19,87.0
221,271,1,161,sale,close,"$1,570,511.88",2419723.47,,30-11-2024,0.0
222,436,1,308,Rental,pending,"$3,769.27",2390662.56,109283.94,08-04-2027,-5.0
223,157,6,18,Sale,canceled,4569.64,"$3,430,624.68","$159,056.73",2024-10-05,
224,324,23,133,RENTAL,Withdrawn,"$4,685.01","$2,818,569.55",156378.44,2025-03-12,-5.0
225,286,16,390,rental,ACTIVE,"$724,980.82","$1,055,068.51","$29,539.06",26-03-2025,354.0
226,249,49,186,Sale,close,"$538,022.99",1322035.55,32361.85,09/16/2024,209.0
227,438,42,275,rental,Withdrawn,"$2,711,231.39","$574,132.83",28870.83,17-01-2026,-5.0
228,162,35,313,rental,PENDING,"$6,887","$3,164,801.38",143206.14,2024-08-11,
229,307,33,6,Rental,WITHDRAWN,1338126.45,631782.12,15304.66,23-12-2025,357.0
230,417,43,387,lease,CLOSED,2156810.12,1742830.65,"$61,547.00",11/18/2025,-5.0
231,251,15,167,PURCHASE,closed,"$2,910,144.05",1544749.57,42438.2,2026-05-02,335.0
232,368,16,216,Rental,CANCELLED,"$4,735","$2,536,867.84","$85,237.34",2024-08-13,0.0
233,452,19,198,LEASE,closed,1185763.25,"$1,513,642.70",53042.52,2025-07-19,
234,319,11,341,lease,Closed,"$2,142,024","$480,696.31",28069.0,2026-12-12,
235,56,25,189,SALE,pending,6263.59,346495.63,18140.59,2026-01-17,0.0
236,452,14,198,Lease,closed,1185763.25,770578.57,43200.02,03/07/2025,266.0
237,465,48,281,PURCHASE,Withdrawn,1571093.19,1693918.02,71770.54,12-01-2026,16.0
238,355,27,230,sale,CLOSED,"$6,983.40",498836.91,,07/04/2025,30.0
239,391,5,378,lease,Withdrawn,"$2,514,374","$789,226.17",,11/12/2026,
240,403,50,260,RENTAL,close,1722.77,"$2,921,130.13","$159,988.02",08/10/2024,247.0
241,293,19,284,Rental,Closed,6644.65,2929635.17,,2026-11-23,
242,409,38,249,sale,canceled,"$1,344,584.79",680652.89,,21-10-2024,5.0
243,412,27,270,Purchase,Pending,2134516.89,3068793.6,"$115,960.97",2025-12-22,307.0
244,253,17,127,RENTAL,active,"$1,804,858.34","$1,617,988.71",55147.59,14-05-2025,-5.0
245,275,16,252,PURCHASE,ACTIVE,"$445,356",2463648.19,"$134,305.80",17-04-2026,-5.0
246,3,50,145,Lease,Withdrawn,454183.48,"$2,903,216.47","$104,401.67",2026-06-03,-5.0
247,289,33,62,LEASE,canceled,"$5,273",1808038.04,76846.57,2025-02-04,-5.0
248,318,50,40,Sale,WITHDRAWN,"$6,002.77",2992403.23,,2026-02-15,250.0
249,309,34,199,LEASE,CANCELLED,2952.41,3077024.96,128481.41,12-03-2025,-5.0
250,195,4,380,Sale,pending,"$991,478.12","$266,801.57",15502.52,09-08-2024,322.0
251,221,27,135,lease,closed,"$6,297","$2,998,083.69",,30-09-2026,
252,183,20,359,Purchase,Pending,6030.73,"$3,213,648.64",186247.32,07-08-2025,0.0
253,446,27,31,Sale,cancelled,"$6,994","$3,458,693.89",114414.61,2026-01-22,-5.0
254,435,33,56,SALE,CLOSED,980839.99,419335.84,19786.89,28-10-2024,0.0
255,27,22,264,Sale,active,"$5,770",723742.33,27914.04,06/11/2025,
256,25,31,309,lease,pending,"$798,590",2070045.1,107485.58,06/17/2025,26.0
257,442,41,390,SALE,cancelled,1855950.77,"$2,989,823.24",,08/25/2025,0.0
258,382,23,289,RENTAL,Closed,"$1,627","$2,171,143.80",115806.82,25-05-2026,-5.0
259,262,40,82,Sale,Closed,"$3,341",2914996.51,"$158,945.06",2024-10-05,199.0
260,181,18,267,sale,CANCELLED,"$5,248",1435367.68,67647.45,27-02-2026,0.0
261,214,14,305,sale,active,"$2,057,042",1255312.4,"$58,926.52",11/09/2024,
262,328,19,305,Purchase,Closed,"$2,884.31",3217218.0,77838.2,01/26/2026,255.0
263,176,23,5,sale,Withdrawn,"$1,940,783.65",593127.57,,13-11-2025,-5.0
264,468,21,14,LEASE,CLOSED,734599.07,"$1,941,515.84",,09-01-2026,-5.0
265,150,26,51,Rental,Cancelled,"$1,804,351.91",708029.96,"$15,243.51",03/20/2026,271.0
266,248,29,8,lease,pending,"$2,784.67",211422.48,10291.67,2025-12-31,-5.0
267,7,28,268,SALE,close,"$551,320.50",3080735.74,,2025-06-02,
268,276,47,201,PURCHASE,PENDING,1569561.86,1302134.03,"$26,474.32",28-10-2024,80.0
269,149,44,67,Lease,ACTIVE,"$5,564.99","$939,486.30","$54,098.96",11/22/2025,
270,303,17,259,SALE,pending,"$6,738.24",1865411.56,,2025-02-09,
271,295,3,274,SALE,CANCELLED,4725.5,856108.63,"$40,842.15",01/21/2025,
272,213,6,286,sale,Closed,604306.33,466390.74,11411.89,07/17/2025,
273,196,41,20,Sale,canceled,"$3,964",3278695.76,,12/03/2024,
274,185,17,287,Lease,Active,"$1,279,384.52",1359068.04,"$32,291.11",2025-01-19,0.0
275,220,29,374,rental,Cancelled,2039366.4,1690375.31,,01-01-2025,
276,410,18,343,LEASE,canceled,"$649,514",1344391.87,,09/10/2024,-5.0
277,473,11,374,sale,cancelled,1234368.04,"$1,826,141.74",61828.07,05/20/2025,365.0
278,445,21,95,PURCHASE,CANCELLED,1390.36,1304651.4,-31632.6,08/14/2025,251.0
279,370,9,155,LEASE,Cancelled,1361243.4,943521.33,"$24,522.65",2025-09-14,
280,243,10,41,LEASE,pending,6615.45,2177914.93,"$66,888.53",10/01/2025,0.0
281,242,6,80,Lease,Pending,3849.95,2311609.84,78989.31,23-12-2024,
282,283,27,48,SALE,Pending,2536863.24,"$852,394.02",21135.37,12/26/2025,86.0
283,113,20,53,rental,canceled,"$7,551",1750919.17,76615.94,2026-03-22,
284,32,18,90,Rental,CLOSED,5993.99,1484361.58,,2026-06-29,-5.0
285,80,10,201,LEASE,Closed,2271017.21,2801268.62,,11-08-2024,151.0
286,30,24,391,SALE,WITHDRAWN,"$2,058,503.52",2558511.33,114681.22,2025-06-05,
287,133,50,112,rental,ACTIVE,"$1,885.30",3290940.44,,07/24/2025,207.0
288,379,9,122,Purchase,Pending,2784.8,"$1,595,832.16",,11/30/2024,174.0
289,286,17,140,PURCHASE,CLOSED,"$724,980.82",2175769.82,77582.58,05-09-2025,112.0
290,334,20,276,RENTAL,close,"$6,599",2708094.73,"$114,414.83",28-09-2024,335.0
291,196,8,219,Lease,ACTIVE,"$3,964",1954443.25,89071.66,2025-02-01,-5.0
292,481,15,395,rental,Withdrawn,2567378.43,2562646.96,"$120,536.16",2026-05-31,194.0
293,149,13,102,lease,WITHDRAWN,"$5,564.99",2349373.43,,08/07/2024,0.0
294,448,49,286,PURCHASE,close,1290956.84,1528522.22,"$44,985.44",23-09-2025,-5.0
295,125,16,99,Rental,Cancelled,"$6,232.72",2418412.75,92082.32,01/19/2026,362.0
296,421,7,176,Purchase,WITHDRAWN,2213202.03,1282943.47,29645.46,12/12/2024,0.0
297,204,1,203,lease,PENDING,2855259.7,3055888.3,"$138,196.44",03-04-2026,0.0
298,118,41,149,Lease,Withdrawn,"$495,760",1419768.69,58205.85,08/30/2025,332.0
299,363,40,236,Lease,closed,7692.11,2339075.9,,2025-11-02,0.0
300,175,12,382,Lease,WITHDRAWN,"$2,218,869.30",3104467.06,,07/09/2024,-5.0
301,68,2,29,Sale,canceled,"$2,018,193","$994,216.53",40128.24,08/28/2024,-5.0
302,151,27,312,lease,Pending,"$1,321,553","$1,188,185.52","$39,188.10",28-04-2026,
303,433,26,24,Rental,canceled,"$6,536",2577582.2,84299.41,2025-07-02,311.0
304,117,9,235,Purchase,closed,1427276.39,984030.14,,08-02-2025,18.0
305,47,38,125,Purchase,WITHDRAWN,1560571.8,820391.13,38687.41,01-07-2026,0.0
306,253,45,149,rental,Pending,"$1,804,858.34",597680.76,32665.94,10/22/2026,91.0
307,405,7,156,lease,ACTIVE,"$3,202",2378384.04,"$88,984.84",05/26/2026,-5.0
308,419,26,150,sale,CANCELLED,4413.08,"$1,018,653.35","$30,178.66",2025-08-13,65.0
309,469,42,353,Rental,Closed,"$2,885,092.58",521262.82,21112.92,12-12-2025,0.0
310,184,27,347,sale,WITHDRAWN,"$6,972",2637312.52,124046.57,2025-11-30,11.0
311,241,47,381,Lease,CANCELLED,1005108.53,223469.8,10502.31,06/27/2026,
312,467,44,79,PURCHASE,Closed,370204.38,2913665.5,,29-01-2026,161.0
313,374,14,258,RENTAL,Closed,"$2,852.94",1659042.32,81873.37,01/26/2026,0.0
314,353,9,358,RENTAL,ACTIVE,"$1,520.88",2635687.04,,18-08-2024,0.0
315,404,32,220,Purchase,cancelled,6974.7,950651.83,"$22,208.85",07/09/2024,231.0
316,367,5,156,Rental,WITHDRAWN,2155.45,3041082.42,,22-07-2025,0.0
317,25,12,123,Purchase,cancelled,"$798,590",1272706.08,32506.62,2027-06-24,329.0
318,400,5,367,PURCHASE,CANCELLED,"$458,786.91",1190871.29,"$39,664.30",12/24/2024,81.0
319,405,17,113,Rental,Active,"$3,202",611161.4,,2026-04-22,0.0
320,87,26,217,LEASE,cancelled,"$1,309,397.63",709597.14,22409.12,2025-12-28,327.0
321,52,32,268,Sale,canceled,6728.04,814068.74,31817.75,12/17/2024,332.0
322,401,37,101,Lease,CLOSED,4550.84,"$2,754,866.14",,2025-10-06,275.0
323,429,22,296,Rental,Pending,7135.45,2378882.92,,2025-05-17,0.0
324,246,4,165,Purchase,canceled,"$851,905","$2,579,648.60",153658.09,2025-07-12,-5.0
325,444,45,164,Rental,Pending,2735.0,218874.06,5510.29,13-02-2025,-5.0
326,374,29,271,RENTAL,Active,"$2,852.94",1883391.81,"$108,868.08",2025-06-23,
327,221,25,172,lease,ACTIVE,"$6,297",1463899.57,,31-01-2026,211.0
328,90,6,274,SALE,cancelled,"$2,644",1705709.84,"$97,581.55",2026-07-28,0.0
329,260,28,10,SALE,CANCELLED,"$1,843","$1,490,138.53",88171.32,2024-09-13,0.0
330,494,40,275,SALE,PENDING,"$3,474",2199106.02,78755.8,12-02-2025,-5.0
331,107,2,300,sale,close,"$1,750.04",2371363.29,"$125,981.40",02/07/2026,0.0
332,181,28,168,Rental,canceled,"$5,248",3043511.68,"$179,391.79",2026-04-05,201.0
333,450,12,87,Sale,ACTIVE,2488833.48,1917697.98,52226.27,19-06-2025,
334,200,13,56,PURCHASE,Withdrawn,"$1,634.14","$3,461,400.74","$146,442.74",05/20/2026,98.0
335,489,29,307,sale,Active,2095305.8,477900.72,13145.76,2025-08-06,362.0
336,310,6,293,PURCHASE,cancelled,"$887,515.66",3473185.89,133611.3,2025-02-03,93.0
337,185,9,280,PURCHASE,ACTIVE,"$1,279,384.52",1615174.34,80793.61,08/05/2024,181.0
338,85,13,310,SALE,CANCELLED,"$2,395.50","$896,584.45","$37,984.66",2026-02-06,
339,301,14,359,rental,pending,"$2,724,577.73",1571603.51,,2025-10-11,
340,349,4,284,Lease,Cancelled,"$1,450,405",3070878.25,66863.11,2025-09-14,0.0
341,236,11,125,Sale,Active,"$3,364","$232,501.77",,09/21/2024,109.0
342,351,39,118,rental,Pending,2900.42,"$1,010,052.48",,03/05/2026,
343,111,24,100,lease,CLOSED,"$3,729",1110795.19,"$57,516.05",01/29/2026,144.0
344,5,19,114,Sale,Active,"$5,556",3307695.85,"$158,502.95",26-05-2026,197.0
345,486,6,212,lease,close,1549.97,"$2,924,029.22",92624.68,10/18/2025,-5.0
346,447,38,392,rental,Withdrawn,2740.96,"$2,642,483.23",149088.13,05-01-2025,
347,307,9,229,Purchase,Pending,1338126.45,"$3,183,076.36",167138.59,09/06/2024,35.0
348,292,32,312,RENTAL,canceled,1221.82,"$2,750,023.17",95469.52,2025-07-15,-5.0
349,66,49,112,Purchase,pending,"$7,358.17",2644894.96,104748.5,12/19/2024,350.0
350,370,23,19,sale,CLOSED,1361243.4,2862074.73,149933.37,06/20/2025,89.0
351,451,40,243,Lease,canceled,"$2,815,081","$3,217,688.78",114451.67,06/26/2025,362.0
352,242,15,102,SALE,CANCELLED,3849.95,1259699.23,36598.06,09/09/2025,-5.0
353,13,35,68,Sale,Closed,"$1,796,543",330043.74,12916.52,20-01-2027,144.0
354,372,19,349,Rental,cancelled,"$1,840,070",710808.9,"$28,798.63",21-12-2024,362.0
355,393,50,393,Purchase,Active,"$1,329,348","$369,716.78",-17693.75,15-09-2024,0.0
356,49,1,231,Purchase,CLOSED,3210.84,518868.21,,2024-11-18,0.0
357,65,27,181,Lease,PENDING,"$3,932.19",2746364.67,-125526.45,31-03-2025,178.0
358,21,24,3,SALE,closed,1425886.6,"$3,209,839.40","$174,721.53",01/21/2025,0.0
359,390,48,41,PURCHASE,close,1964.42,1978744.87,85104.2,03/04/2026,166.0
360,295,48,167,PURCHASE,Withdrawn,4725.5,1182257.28,"$29,694.56",31-05-2026,-5.0
361,482,33,387,Sale,canceled,3245.63,"$2,162,413.44",,2024-07-31,-5.0
362,323,29,171,RENTAL,Withdrawn,"$1,909,117.03",2112689.94,"$86,793.85",10-10-2024,111.0
363,324,4,367,lease,CLOSED,"$4,685.01",3220591.33,137264.22,08/12/2024,-5.0
364,51,18,303,SALE,pending,2983.36,744976.84,-41278.31,2025-12-07,0.0
365,74,6,172,Lease,Cancelled,6019.7,1616533.81,82966.77,02/05/2025,-5.0
366,126,7,80,lease,CLOSED,"$2,986,969.84",1971480.19,,04/12/2026,-5.0
367,302,34,74,RENTAL,canceled,783519.95,1918812.68,-102433.01,2025-01-23,89.0
368,144,15,355,Rental,Active,"$894,495",2930744.97,149249.69,08/12/2025,-5.0
369,325,29,158,rental,active,"$1,566","$2,384,262.53",56175.01,2025-05-15,-5.0
370,471,9,266,PURCHASE,Cancelled,2010957.26,1682522.97,"$83,199.71",10/16/2025,83.0
371,35,6,151,Sale,cancelled,"$4,994.40",3244078.44,126033.98,02/27/2026,
372,92,8,60,Lease,Cancelled,3638.12,"$1,592,555.82",,2024-07-06,269.0
373,252,9,206,RENTAL,WITHDRAWN,"$6,918.13",1196523.05,"$27,122.40",2024-08-26,-5.0
374,336,11,240,lease,canceled,7032.68,246686.93,"$12,223.72",2025-09-23,
375,12,7,284,lease,closed,1161920.74,"$587,402.00","$21,727.67",2025-04-22,0.0
376,464,45,39,RENTAL,close,4914.88,1903832.56,"$82,441.25",01/06/2025,355.0
377,77,13,90,Lease,Withdrawn,"$1,240,879","$858,787.23",,11/03/2025,-5.0
378,114,17,11,LEASE,Pending,"$3,613.31",2252039.56,,03-01-2027,301.0
379,351,20,359,Sale,Closed,2900.42,"$1,130,564.85",63290.03,2025-01-02,52.0
380,217,20,51,PURCHASE,ACTIVE,1795.41,3119394.82,,2025-08-02,
381,246,39,257,sale,cancelled,"$851,905",2821917.57,143073.36,03/07/2026,0.0
382,80,3,268,rental,PENDING,2271017.21,"$2,095,603.82",46347.21,01-01-2027,271.0
383,402,8,110,LEASE,cancelled,4104.16,"$1,600,160.80",83037.18,03/18/2025,100.0
384,174,38,22,RENTAL,active,"$6,579","$2,715,964.69",,12/27/2025,178.0
385,73,48,197,RENTAL,cancelled,2139027.16,829416.53,,12/18/2025,28.0
386,491,33,354,lease,Pending,"$2,040.74","$966,695.74",52695.71,01/18/2025,-5.0
387,246,17,278,RENTAL,active,"$851,905",2166334.0,97606.08,10/23/2024,
388,319,22,100,SALE,WITHDRAWN,"$2,142,024",429652.78,,12/08/2024,-5.0
389,500,29,273,Lease,CLOSED,"$1,331,722",2851184.43,"$156,582.57",10/17/2024,-5.0
390,5,16,135,RENTAL,PENDING,"$5,556",867913.53,-37363.52,01/28/2025,
391,57,36,360,lease,Closed,2692663.56,2216773.94,,15-12-2024,297.0
392,11,7,90,lease,closed,3599.23,1407435.99,32309.87,16-10-2024,329.0
393,19,10,164,LEASE,cancelled,"$1,973,381",563577.9,32493.52,31-12-2025,-5.0
394,428,21,167,Rental,cancelled,"$5,384.76","$687,240.24",16965.58,2025-10-26,
395,468,26,119,lease,ACTIVE,734599.07,"$3,070,529.97",145569.37,10/19/2025,0.0
396,499,39,247,rental,PENDING,1963.25,"$3,112,383.41",62349.2,2024-09-19,0.0
397,2,1,214,SALE,PENDING,1422002.52,"$1,724,591.44",70317.66,2026-03-31,300.0
398,65,49,206,LEASE,Withdrawn,"$3,932.19",2552628.88,"$69,098.11",01/05/2026,0.0
399,309,43,64,Lease,CLOSED,2952.41,"$2,808,390.05",113894.31,29-12-2025,-5.0
400,205,13,306,Rental,canceled,1067525.49,418283.49,15321.89,13-06-2026,-5.0
401,41,32,27,sale,ACTIVE,3794.51,695605.76,36146.03,12/13/2025,0.0
402,209,13,245,RENTAL,closed,2958107.75,3058203.16,156990.93,2025-01-26,0.0
403,383,30,196,rental,canceled,"$6,987",974783.12,"$57,401.44",17-02-2026,
404,138,9,97,Rental,cancelled,"$1,900","$3,094,059.60",107390.9,12/17/2024,138.0
405,243,23,66,PURCHASE,close,6615.45,2560729.62,151310.47,2025-01-17,0.0
406,135,44,236,SALE,canceled,"$2,968,429","$2,173,415.52",78764.84,09-01-2026,-5.0
407,281,13,178,SALE,Pending,"$524,805","$2,240,439.00",,17-08-2024,196.0
408,219,43,204,Lease,Cancelled,2776187.54,1816563.65,70352.5,2025-09-21,13.0
409,428,26,209,Lease,active,"$5,384.76",1969047.21,"$75,086.64",05/20/2026,0.0
410,16,8,169,Rental,CLOSED,"$4,694","$473,319.22",18603.86,2026-03-17,320.0
411,227,30,132,lease,canceled,"$1,707,647","$2,810,907.00",137997.13,2025-10-30,219.0
412,166,8,88,rental,active,"$1,330,961.13",1694013.68,43939.1,09-06-2025,-5.0
413,172,8,214,Purchase,ACTIVE,773177.04,948021.86,"$22,745.26",20-10-2024,0.0
414,471,34,275,Rental,canceled,2010957.26,894012.44,47156.67,10/02/2024,-5.0
415,399,27,346,SALE,active,7022.18,2937959.61,154870.61,10/25/2024,23.0
416,308,35,78,sale,closed,1161657.38,2938668.67,90691.17,01/06/2026,-5.0
417,422,20,59,PURCHASE,Withdrawn,1386.58,2963134.03,"$88,449.15",15-07-2025,0.0
418,114,12,56,PURCHASE,Closed,"$3,613.31",1414028.94,52806.22,30-10-2024,0.0
419,169,50,163,Purchase,ACTIVE,"$4,716.95","$1,442,531.09",37772.12,2025-05-14,0.0
420,18,29,17,Sale,closed,"$3,896.16",2115846.93,75552.1,06-03-2026,344.0
421,489,35,303,Lease,CLOSED,2095305.8,899874.74,18183.56,29-03-2025,306.0
422,468,26,147,PURCHASE,CANCELLED,734599.07,2697362.12,90191.38,01/19/2025,
423,264,31,207,rental,Pending,5136.91,"$2,212,010.30","$70,762.25",11/14/2025,117.0
424,236,20,137,PURCHASE,WITHDRAWN,"$3,364",284815.24,16982.62,03/15/2025,-5.0
425,159,6,267,Sale,close,"$1,241","$1,453,293.83",,2026-06-20,0.0
426,486,27,365,Lease,PENDING,1549.97,"$2,801,230.76",,2026-03-25,
427,279,10,68,PURCHASE,canceled,"$6,311","$383,817.75",,09-04-2026,
428,481,21,329,RENTAL,PENDING,2567378.43,"$3,001,755.37",179923.27,12/06/2024,0.0
429,141,38,57,PURCHASE,CLOSED,"$6,111.71",1588963.0,77814.61,15-07-2025,51.0
430,471,37,289,rental,Pending,2010957.26,1197279.48,"$40,658.64",2025-05-02,231.0
431,171,48,250,LEASE,pending,"$7,246",3497552.45,130636.12,2026-01-16,136.0
432,429,44,217,rental,canceled,7135.45,"$2,317,048.89","$-50,670.68",2025-06-19,364.0
433,290,16,357,RENTAL,Closed,"$2,458,147.83",1009790.06,29485.14,2024-09-23,0.0
434,59,1,343,Purchase,canceled,2740714.33,1076114.63,"$61,135.84",23-02-2025,-5.0
435,378,42,125,SALE,active,1908299.72,1819012.0,67127.07,2026-05-05,
436,216,29,345,sale,Cancelled,7721.59,"$2,164,688.52","$58,472.56",23-06-2026,234.0
437,179,36,75,SALE,Cancelled,"$4,649.77",329792.37,"$16,527.06",2025-11-19,-5.0
438,48,25,374,lease,Pending,2797472.52,"$1,193,358.62","$45,799.16",10-06-2025,0.0
439,234,11,321,LEASE,close,1097830.37,1562670.59,83001.87,09/23/2024,277.0
440,32,34,178,Lease,Withdrawn,5993.99,"$1,077,316.39","$50,962.34",2024-07-13,116.0
441,151,48,336,rental,closed,"$1,321,553",881799.38,25207.06,2024-08-08,
442,99,22,148,RENTAL,ACTIVE,2937653.66,"$1,183,713.13",61219.45,04-08-2025,191.0
443,97,26,4,Lease,Withdrawn,"$7,731","$3,156,165.13",94190.93,21-10-2025,0.0
444,70,6,315,PURCHASE,active,"$6,469.88",2272569.47,"$110,641.10",27-04-2026,
445,406,37,105,Purchase,closed,"$4,545.93",1419488.7,,11/02/2024,
446,481,23,148,sale,ACTIVE,2567378.43,2979510.66,"$67,194.82",2025-09-18,0.0
447,87,2,64,SALE,CANCELLED,"$1,309,397.63","$595,971.81","$19,687.35",2026-02-24,-5.0
448,223,18,81,PURCHASE,canceled,2024402.15,2340410.02,,09/01/2025,277.0
449,226,36,65,Purchase,Active,2474187.4,1976635.39,86329.88,06-01-2026,0.0
450,348,17,284,Rental,Cancelled,2992.5,2626440.43,52809.88,2025-03-04,358.0
451,352,5,225,Purchase,CLOSED,773957.9,"$1,379,923.45",59627.26,08/14/2025,-5.0
452,29,15,113,RENTAL,Cancelled,1112337.72,2539715.45,101722.77,08/29/2025,322.0
453,342,13,191,Sale,PENDING,"$7,583.42","$1,001,739.78","$58,223.67",2025-05-04,0.0
454,169,24,265,Purchase,Withdrawn,"$4,716.95",2404525.3,"$-112,688.21",06/29/2025,0.0
455,403,12,316,sale,canceled,1722.77,3382154.2,-82727.52,19-01-2026,-5.0
456,65,40,117,RENTAL,Active,"$3,932.19","$2,632,545.65",61430.5,2025-06-18,-5.0
457,115,18,21,sale,cancelled,493038.49,"$1,873,675.89",62282.09,07/04/2024,-5.0
458,354,45,259,lease,Cancelled,"$1,421.41",702732.45,38159.27,30-09-2025,0.0
459,74,32,114,PURCHASE,Active,6019.7,"$2,222,386.59","$100,639.15",18-05-2026,
460,103,5,380,Lease,Closed,1534676.69,2832707.62,"$77,477.96",12/19/2024,
461,339,4,147,RENTAL,CANCELLED,682381.03,2550435.04,"$56,523.85",02/25/2026,-5.0
462,240,17,98,lease,CANCELLED,"$1,950,749",467161.32,"$19,951.02",05-03-2025,74.0
463,280,10,173,lease,CLOSED,"$4,020.58",3205418.25,"$87,251.08",2026-03-23,0.0
464,285,43,316,Lease,WITHDRAWN,"$7,440","$2,406,964.04","$77,857.15",12-11-2025,-5.0
465,231,30,12,rental,Pending,5242.84,"$1,087,317.77",,22-11-2025,0.0
466,202,32,146,Lease,Active,"$1,537,870.27",3067801.92,,06/09/2025,197.0
467,346,31,231,Lease,closed,5216.33,"$532,537.09",,13-03-2025,184.0
468,445,49,183,lease,Pending,1390.36,2442649.34,110927.9,2024-07-08,0.0
469,349,18,299,Rental,active,"$1,450,405",1660412.62,,2025-04-17,-5.0
470,313,17,310,LEASE,Closed,"$4,105.94",3165866.02,180829.29,2026-04-29,0.0
471,201,43,32,PURCHASE,CANCELLED,"$1,630,768.42","$3,480,298.98",104490.91,21-09-2025,0.0
472,484,12,125,LEASE,Cancelled,5344.37,900361.71,"$23,014.09",23-12-2024,-5.0
473,398,32,320,rental,Closed,"$5,682.79",861068.96,42746.1,2026-03-19,282.0
474,78,46,244,Purchase,pending,"$1,965,820",381763.76,,2025-09-21,-5.0
475,301,36,327,Lease,Active,"$2,724,577.73",2696757.74,96458.22,07-08-2024,
476,371,25,171,Lease,Active,"$4,088.76","$1,467,667.76",-36114.7,2026-05-28,0.0
477,279,10,336,Rental,Closed,"$6,311",1910444.02,,2025-09-06,0.0
478,250,48,48,PURCHASE,Withdrawn,"$1,336",1535668.15,"$34,108.78",20-05-2025,290.0
479,179,40,315,SALE,close,"$4,649.77","$2,591,464.15","$140,166.49",15-06-2025,242.0
480,91,41,272,PURCHASE,Withdrawn,"$1,662,490.24",1039456.4,56493.29,13-01-2025,
481,173,28,90,rental,Active,5275.59,"$1,952,892.56",113147.56,27-02-2026,
482,90,20,346,Sale,Active,"$2,644",428343.66,,01-12-2024,0.0
483,74,2,351,lease,Closed,6019.7,1257252.74,46905.91,16-05-2025,86.0
484,264,8,332,Lease,Closed,5136.91,3235981.71,73596.55,01/02/2025,0.0
485,21,29,40,SALE,canceled,1425886.6,2878685.53,"$159,399.81",09/16/2024,157.0
486,176,29,193,lease,Active,"$1,940,783.65",2374291.19,,01/16/2025,-5.0
487,224,1,61,RENTAL,cancelled,"$1,706.68","$1,002,418.97",43656.07,2026-10-29,-5.0
488,476,5,156,rental,CANCELLED,5529.63,"$2,109,651.59",100884.7,13-08-2025,-5.0
489,105,45,20,Sale,CLOSED,3517.64,1751733.36,"$52,695.42",2025-10-30,103.0
490,403,21,72,Sale,closed,1722.77,2240529.86,62561.85,2027-04-25,
491,276,14,239,LEASE,Cancelled,1569561.86,2474726.16,"$115,075.24",02/11/2026,-5.0
492,388,25,12,RENTAL,Pending,710619.79,2691911.61,,06/28/2025,0.0
493,138,35,201,Rental,CLOSED,"$1,900",879298.27,,2025-04-19,-5.0
494,418,42,216,RENTAL,Cancelled,"$1,482.75",2687444.86,"$106,713.63",04/20/2026,0.0
495,51,2,327,RENTAL,CLOSED,2983.36,2107937.99,59746.28,10-06-2025,0.0
496,314,31,270,lease,closed,"$306,910.96",1826234.63,"$105,245.82",04/01/2026,36.0
497,477,50,262,Rental,canceled,1448868.06,1964427.9,"$41,058.62",05/06/2026,-5.0
498,179,40,305,sale,Cancelled,"$4,649.77",1548222.19,70509.53,03/08/2026,51.0
499,77,36,393,Purchase,active,"$1,240,879",1688573.71,"$37,289.29",12-04-2026,0.0
500,28,2,330,sale,close,"$4,657.36",2232433.07,87305.04,2025-02-08,193.0
501,292,41,316,sale,Withdrawn,1221.82,984874.66,"$36,138.80",07/27/2024,151.0
502,61,48,70,LEASE,CANCELLED,"$1,948,218",2584590.48,131945.15,2024-11-18,
503,94,17,18,lease,active,4495.96,2952595.1,174762.11,07/17/2024,-5.0
504,30,22,354,Purchase,Cancelled,"$2,058,503.52",2405141.74,"$139,725.39",11/24/2024,344.0
505,413,18,244,Purchase,Active,351959.6,"$2,674,515.13",137027.92,2026-04-14,0.0
506,139,1,40,RENTAL,pending,882254.21,3442996.26,156319.97,2024-08-13,-5.0
507,371,38,384,PURCHASE,Closed,"$4,088.76","$2,165,107.06","$64,950.94",15-05-2026,-5.0
508,290,10,141,RENTAL,Closed,"$2,458,147.83",1378411.56,,26-09-2024,0.0
509,400,10,252,Lease,CANCELLED,"$458,786.91",1168521.64,,12/08/2024,
510,208,28,144,Rental,ACTIVE,3567.06,949402.12,22181.92,2026-02-24,264.0
511,120,32,115,RENTAL,close,"$797,729.30","$275,187.19",15159.68,09/17/2025,130.0
512,429,8,109,sale,Active,7135.45,223815.6,"$7,296.54",2026-05-16,
513,375,26,88,Lease,CLOSED,"$7,021",1653651.44,60004.97,31-01-2026,
514,237,24,45,LEASE,canceled,2387.51,1242223.25,"$58,004.59",02/24/2026,154.0
515,296,34,397,RENTAL,pending,2909876.18,2498364.86,,09/03/2024,-5.0
516,488,27,280,rental,close,"$5,938","$3,489,477.60","$140,810.66",20-07-2024,310.0
517,83,26,40,sale,ACTIVE,1739416.03,1840187.5,,2025-05-03,100.0
518,450,14,49,Rental,CLOSED,2488833.48,415297.99,9993.36,15-05-2026,-5.0
519,64,49,31,Rental,PENDING,4043.72,2746552.64,"$115,241.73",09-12-2025,-5.0
520,45,40,112,LEASE,Closed,"$2,598,928",2954892.62,110769.1,23-12-2025,-5.0
521,192,20,173,Lease,WITHDRAWN,1535253.82,"$2,609,769.77",,12/05/2024,
522,301,3,11,sale,Pending,"$2,724,577.73",972924.37,"$41,905.58",05/24/2026,0.0
523,435,20,399,LEASE,canceled,980839.99,1224065.99,,12/28/2025,-5.0
524,288,31,346,Lease,Closed,"$2,642,227","$3,039,256.41",78332.18,2026-05-02,-5.0
525,156,29,65,RENTAL,CANCELLED,3078.2,826485.51,20371.75,30-12-2026,0.0
526,80,39,329,Rental,closed,2271017.21,"$3,404,020.32","$-90,774.79",23-10-2024,84.0
527,103,23,294,Purchase,cancelled,1534676.69,3339571.8,"$130,444.00",02-01-2026,-5.0
528,165,41,321,Rental,canceled,"$3,301","$2,822,296.54",114641.94,04/13/2026,0.0
529,251,43,98,Sale,Closed,"$2,910,144.05","$689,580.47",37315.85,05/05/2026,
530,134,41,13,sale,pending,4333.48,2561213.88,108191.63,01/27/2027,343.0
531,41,32,181,SALE,Cancelled,3794.51,3191257.92,"$161,612.07",10-12-2025,305.0
532,152,36,342,Purchase,pending,1932360.07,1155760.23,45930.8,09/09/2025,9.0
533,438,46,222,sale,Closed,"$2,711,231.39",1530775.37,77032.13,2024-12-01,123.0
534,175,36,62,RENTAL,Withdrawn,"$2,218,869.30",3482388.23,"$207,614.58",07/02/2024,
535,470,28,101,sale,pending,"$7,191.61","$2,135,669.50",115956.29,05/28/2027,197.0
536,233,29,75,Purchase,pending,"$5,684",1996701.63,106832.83,10/25/2025,
537,79,20,303,Sale,ACTIVE,"$1,769,682",1282764.42,"$35,513.19",31-10-2025,66.0
538,174,46,125,Lease,WITHDRAWN,"$6,579",3253690.67,91569.95,2024-09-02,180.0
539,265,6,209,LEASE,CANCELLED,"$3,051.46",2802710.4,153706.66,10/31/2025,-5.0
540,406,10,357,SALE,Withdrawn,"$4,545.93","$3,376,509.94",,21-11-2025,255.0
541,140,11,393,SALE,Pending,4618.1,"$2,399,197.44",107192.38,12/11/2025,50.0
542,106,3,231,sale,CANCELLED,3029.32,"$1,066,333.26",42122.71,2026-07-22,-5.0
543,305,44,260,Purchase,close,2293053.99,3439262.93,100890.23,2026-07-26,
544,221,33,287,LEASE,Withdrawn,"$6,297",2040121.42,,11/21/2024,-5.0
545,80,24,229,Purchase,closed,2271017.21,"$1,392,111.07",72786.21,2025-12-23,
546,403,1,275,sale,WITHDRAWN,1722.77,1979175.09,62277.08,08/15/2024,
547,456,39,134,sale,closed,"$2,455,369.83","$2,231,318.49","$78,661.17",20-05-2026,-5.0
548,16,43,112,LEASE,Cancelled,"$4,694","$3,308,485.79",162967.94,19-08-2024,356.0
549,111,36,178,PURCHASE,ACTIVE,"$3,729",1790009.25,88419.95,11-07-2024,233.0
550,267,41,129,lease,close,"$2,491,721.40",857096.43,47522.42,25-11-2024,97.0
551,153,24,245,sale,pending,7322.36,843728.48,42517.63,01/04/2025,284.0
552,76,24,388,Rental,WITHDRAWN,"$5,376.29",1447932.25,78723.5,08/22/2025,0.0
553,240,25,29,lease,canceled,"$1,950,749",3478927.18,,03-04-2025,
554,182,34,16,Lease,pending,"$2,818,437",1241758.35,"$59,302.59",11/25/2024,0.0
555,16,41,397,Sale,CANCELLED,"$4,694",2270479.08,103754.39,2025-08-23,0.0
556,12,30,367,sale,pending,1161920.74,3430329.07,196843.26,18-09-2024,270.0
557,47,26,266,Purchase,Closed,1560571.8,687660.89,27807.88,05/18/2025,0.0
558,124,7,372,Lease,Pending,7937.93,"$3,271,836.54",116639.57,29-05-2027,39.0
559,493,10,49,Purchase,active,5842.94,"$456,213.32","$20,492.42",02/22/2026,313.0
560,236,34,125,rental,ACTIVE,"$3,364",2720972.3,112235.81,15-02-2025,
561,90,22,375,SALE,active,"$2,644",3101652.89,116840.38,07/31/2024,
562,102,37,131,Rental,active,2418673.95,"$1,138,373.51",,06/02/2025,0.0
563,250,34,48,Lease,close,"$1,336",2895442.0,"$103,509.72",2024-10-19,
564,311,31,263,lease,Pending,7556.56,"$2,803,121.59","$-125,025.72",2025-06-15,-5.0
565,129,20,53,LEASE,active,"$2,177,231",1400712.93,"$38,634.22",07-02-2025,74.0
566,404,20,215,PURCHASE,CLOSED,6974.7,1247350.88,"$48,970.11",24-05-2026,
567,120,15,245,RENTAL,Withdrawn,"$797,729.30",2386476.72,"$56,379.79",09/29/2025,
568,263,30,65,rental,cancelled,2174481.76,2347538.71,,2026-04-21,-5.0
569,351,33,88,Purchase,closed,2900.42,565484.37,21533.95,11/18/2024,22.0
570,196,7,271,Sale,canceled,"$3,964",3156464.77,145665.19,06/05/2025,
571,324,32,264,Lease,PENDING,"$4,685.01",1958880.37,57628.12,11/30/2024,0.0
572,376,44,366,lease,close,"$7,210.09",315321.04,9783.18,04-02-2026,
573,410,50,350,Purchase,active,"$649,514",1014000.73,54944.39,17-08-2025,-5.0
574,453,34,363,sale,close,1113053.31,"$3,073,713.73",76779.83,06/21/2026,357.0
575,390,43,168,Sale,canceled,1964.42,2563281.72,100294.55,06-04-2026,
576,100,6,130,Sale,Pending,2363902.42,2443099.53,,02/24/2026,0.0
577,445,25,25,PURCHASE,CANCELLED,1390.36,2487668.26,76517.99,01/31/2025,0.0
578,109,31,103,LEASE,Withdrawn,"$5,141.91",1646560.69,82146.85,20-01-2026,192.0
579,305,21,367,Rental,Closed,2293053.99,837493.46,29167.56,19-06-2026,
580,16,29,132,SALE,PENDING,"$4,694","$2,987,910.31",,28-03-2026,
581,70,5,48,Lease,CLOSED,"$6,469.88",1304498.43,,11-05-2026,0.0
582,84,40,65,rental,Closed,6406.65,2289954.16,49732.11,26-07-2025,-5.0
583,387,50,322,Purchase,cancelled,1320.67,1719705.2,,10/31/2024,98.0
584,239,35,257,Lease,Pending,"$7,198","$591,946.33","$31,134.19",2025-04-14,-5.0
585,498,38,85,Lease,Closed,6754.59,"$2,267,926.67",,2024-12-05,202.0
586,485,25,362,sale,Active,1047500.18,"$1,273,673.66",,13-03-2026,
587,25,25,235,Rental,Closed,"$798,590",1148150.71,48928.32,13-02-2026,221.0
588,64,7,344,sale,Withdrawn,4043.72,3345601.5,"$134,246.52",2025-02-02,
589,499,20,334,SALE,active,1963.25,"$1,197,261.16",66347.67,03/15/2026,-5.0
590,427,18,193,Rental,close,7179.57,1049564.26,43924.47,2024-11-22,-5.0
591,258,25,363,Sale,canceled,2362419.63,"$2,307,211.94",,2026-03-14,
592,261,39,350,rental,CLOSED,5633.62,2410570.7,,05/21/2025,
593,86,46,194,SALE,Withdrawn,833260.69,3421455.35,"$105,559.54",2027-05-10,10.0
594,80,14,160,Rental,CLOSED,2271017.21,"$528,195.15","$27,136.85",2026-09-13,151.0
595,258,48,279,Lease,WITHDRAWN,2362419.63,"$3,153,981.87",,27-01-2026,40.0
596,278,35,350,Rental,Closed,7127.38,949790.23,"$31,273.30",08/03/2025,60.0
597,274,29,95,sale,Active,"$2,410,544",2040731.54,,06/19/2025,0.0
598,404,39,390,RENTAL,closed,6974.7,2676971.96,95777.26,2024-09-24,41.0
599,414,12,196,lease,close,"$6,769.95",1672526.42,"$47,784.48",03/22/2026,248.0
600,475,2,193,sale,Pending,1780.89,"$1,228,309.50","$34,446.64",10/25/2024,-5.0
601,244,43,124,Purchase,CANCELLED,"$1,587,145.69",879255.79,33544.88,07-02-2026,10.0
602,161,14,45,PURCHASE,CLOSED,"$2,654,287.86",385226.13,,25-03-2025,
603,39,6,217,PURCHASE,ACTIVE,2737752.58,918247.12,36499.35,2025-05-28,0.0
604,58,45,14,PURCHASE,CANCELLED,"$7,570.84",2742033.34,,2024-12-26,
605,147,12,364,Rental,Withdrawn,5093.12,"$2,488,871.68",,14-07-2025,
606,127,41,369,SALE,closed,"$3,527.11",1156714.79,"$-45,603.49",14-05-2025,353.0
607,103,34,114,LEASE,CLOSED,1534676.69,"$3,347,761.71",77867.14,05/27/2025,-5.0
608,198,32,366,Rental,canceled,2817000.25,859415.49,24481.03,22-01-2025,-5.0
609,480,12,157,sale,Withdrawn,"$6,349.19",2494008.21,87841.13,30-03-2026,290.0
610,378,20,371,rental,Cancelled,1908299.72,"$1,117,253.49",57471.58,19-05-2026,0.0
611,452,45,127,Sale,pending,1185763.25,"$2,845,791.24",,2025-11-19,355.0
612,300,16,274,RENTAL,Cancelled,"$2,001.56",2968944.12,"$84,794.88",2025-05-15,273.0
613,183,20,286,Rental,WITHDRAWN,6030.73,"$516,562.53",,01/10/2025,-5.0
614,56,11,355,Lease,Active,6263.59,"$3,317,351.22",76347.02,2027-04-10,0.0
615,197,16,6,SALE,Pending,5423.78,1921272.41,61253.74,2024-11-03,121.0
616,437,46,245,Rental,PENDING,1873.95,3254639.66,74775.3,16-11-2025,
617,318,9,393,LEASE,Cancelled,"$6,002.77","$1,412,099.79",,2025-12-31,300.0
618,416,7,16,sale,close,1120772.34,636152.7,"$35,433.92",09/02/2024,252.0
619,438,7,10,LEASE,pending,"$2,711,231.39","$541,174.57",29541.62,02/09/2026,-5.0
620,295,2,109,SALE,Closed,4725.5,220613.7,"$10,079.39",03/23/2025,325.0
621,22,49,91,rental,Cancelled,5869.24,1189953.63,"$68,760.73",06-03-2026,245.0
622,493,33,314,SALE,Active,5842.94,3214117.33,174913.53,22-04-2025,
623,42,12,105,Purchase,ACTIVE,"$5,006","$2,133,875.88",,2025-11-08,85.0
624,3,8,84,sale,WITHDRAWN,454183.48,"$2,899,830.18",116949.77,08-07-2024,
625,433,19,32,Lease,canceled,"$6,536","$408,017.76",19833.58,2027-03-16,-5.0
626,252,36,31,RENTAL,pending,"$6,918.13",1191340.98,36839.08,2026-05-22,
627,86,20,247,Sale,pending,833260.69,"$1,456,033.04",63472.48,02/24/2025,0.0
628,245,47,213,PURCHASE,ACTIVE,6737.66,1563491.63,73687.08,01/02/2025,-5.0
629,132,48,25,sale,ACTIVE,"$5,387",3378673.09,,05/02/2026,
630,217,9,179,Purchase,canceled,1795.41,"$555,339.08",18815.85,09/24/2024,
631,301,40,78,Sale,active,"$2,724,577.73","$3,437,100.96",,2025-03-29,
632,500,26,248,Purchase,Cancelled,"$1,331,722",2758997.97,,21-09-2024,233.0
633,319,35,15,rental,closed,"$2,142,024",3067747.28,,17-10-2024,
634,163,41,347,lease,CANCELLED,"$4,286.37",2062706.3,108872.24,2024-12-14,
635,398,39,184,Rental,Pending,"$5,682.79",1101273.11,"$44,261.85",04/27/2026,0.0
636,372,31,272,SALE,Withdrawn,"$1,840,070",3142916.87,,2024-12-16,0.0
637,130,21,183,rental,active,2705.11,"$3,435,535.77","$147,760.17",07/18/2024,0.0
638,164,12,3,SALE,Cancelled,"$1,063,240.66",1254343.57,28059.25,2026-03-02,107.0
639,102,2,160,Purchase,canceled,2418673.95,398565.96,13983.27,05/27/2026,244.0
640,54,49,174,SALE,Cancelled,"$2,232,891","$320,437.46",14282.85,2025-03-09,0.0
641,31,15,212,PURCHASE,pending,6945.92,3462449.54,"$86,857.78",09/22/2024,145.0
642,30,11,300,Rental,WITHDRAWN,"$2,058,503.52",2903992.89,"$123,792.74",02/22/2026,109.0
643,260,31,62,Sale,close,"$1,843",2456909.16,55572.64,22-06-2025,118.0
644,319,6,200,Lease,canceled,"$2,142,024",254747.0,6705.09,01/25/2025,0.0
645,186,14,228,rental,pending,7473.69,1355890.66,,2025-03-10,-5.0
646,156,48,170,lease,canceled,3078.2,1593867.39,"$69,626.31",01-07-2025,
647,115,3,10,LEASE,CLOSED,493038.49,901823.23,"$29,513.24",06/10/2025,125.0
648,222,30,281,Lease,CLOSED,"$324,562.26",1473662.62,52790.17,16-09-2025,-5.0
649,280,18,159,lease,Pending,"$4,020.58",2356545.77,109534.03,07/22/2025,91.0
650,453,36,325,lease,Pending,1113053.31,1693458.58,79921.67,22-09-2024,0.0
651,292,50,100,Sale,active,1221.82,600962.23,"$27,135.29",09/08/2026,316.0
652,70,47,199,rental,CLOSED,"$6,469.88","$2,084,386.29","$120,662.25",2026-10-30,
653,82,23,71,Rental,closed,1535161.04,1311341.91,,2024-10-19,86.0
654,77,7,266,LEASE,closed,"$1,240,879","$1,621,267.13",,10-03-2026,213.0
655,320,6,167,SALE,active,"$676,393.36",2997307.35,"$173,086.89",04/12/2025,-5.0
656,340,50,33,Lease,cancelled,2960.31,726049.19,,10-02-2026,276.0
657,186,36,63,Sale,ACTIVE,7473.69,2198849.04,60912.42,05/01/2025,-5.0
658,132,16,327,PURCHASE,Pending,"$5,387",699631.29,28837.34,2025-08-15,337.0
659,148,4,398,Rental,Active,"$799,652.82","$3,441,282.25",151473.57,2026-01-25,
660,163,38,363,PURCHASE,canceled,"$4,286.37","$1,356,376.04",,2025-04-29,107.0
661,446,36,51,PURCHASE,closed,"$6,994","$2,107,189.96","$53,522.81",03/11/2025,289.0
662,300,39,234,Lease,active,"$2,001.56",1259698.14,74895.58,2026-07-01,349.0
663,263,37,384,PURCHASE,closed,2174481.76,"$2,637,941.68","$89,669.97",13-03-2027,-5.0
664,84,38,214,rental,Withdrawn,6406.65,610331.12,"$13,148.60",04-06-2026,48.0
665,131,41,384,SALE,active,2251.62,1477492.79,88435.78,03-08-2024,
666,376,23,292,rental,close,"$7,210.09",3452731.82,132227.53,13-07-2024,0.0
667,274,24,23,PURCHASE,cancelled,"$2,410,544",525921.8,,15-08-2025,-5.0
668,334,23,101,Lease,closed,"$6,599",2325914.03,"$101,751.40",08/30/2024,290.0
669,75,4,207,SALE,ACTIVE,"$1,940,504",2771146.46,"$95,290.98",2024-07-02,0.0
670,489,1,342,SALE,ACTIVE,2095305.8,2156830.24,104068.36,2026-04-16,
671,396,30,11,SALE,Cancelled,7687.42,1167938.4,31687.7,2024-11-28,18.0
672,375,44,212,Rental,pending,"$7,021","$1,594,907.17",94806.86,2025-07-07,
673,194,44,293,Purchase,active,"$1,204",268289.76,"$15,494.60",2024-08-10,-5.0
674,277,1,211,SALE,Pending,7958.68,"$1,442,024.10",30081.17,17-09-2024,227.0
675,258,33,159,lease,Withdrawn,2362419.63,2414532.26,102526.86,29-10-2025,13.0
676,431,11,342,PURCHASE,CANCELLED,"$981,576","$1,727,399.84","$102,265.20",05/22/2025,-5.0
677,258,8,200,SALE,ACTIVE,2362419.63,2451046.75,,2025-04-30,-5.0
678,67,18,113,rental,active,"$2,534.73","$672,954.87","$28,987.00",2025-09-23,
679,232,36,296,Sale,closed,1622364.17,2797057.14,,16-05-2025,180.0
680,59,49,378,RENTAL,canceled,2740714.33,2531593.97,"$79,142.77",07/03/2024,0.0
681,373,3,298,Rental,canceled,5028.08,755931.02,,25-11-2026,0.0
682,77,44,93,rental,Closed,"$1,240,879","$1,652,638.55",50645.55,09/07/2025,306.0
683,380,14,42,Purchase,active,"$3,188",2235142.75,111671.99,2024-11-09,-5.0
684,453,1,49,Purchase,Withdrawn,1113053.31,"$977,616.56",42652.92,2025-12-02,66.0
685,200,16,47,sale,CLOSED,"$1,634.14",837382.01,45065.34,26-03-2026,-5.0
686,52,4,274,Purchase,closed,6728.04,"$1,708,169.28",100979.7,08-06-2025,-5.0
687,362,36,81,Lease,closed,"$1,965,403","$2,388,889.77",138651.48,2024-11-19,-5.0
688,186,14,177,Sale,close,7473.69,"$2,918,219.24","$85,484.20",2024-11-08,0.0
689,77,44,348,SALE,CLOSED,"$1,240,879",2373253.8,,2025-08-29,0.0
690,383,13,361,Rental,close,"$6,987",3210640.45,"$168,753.83",04/22/2026,
691,24,45,144,rental,Withdrawn,"$2,057,100","$215,490.20",6676.83,12/19/2024,
692,457,43,63,PURCHASE,Closed,2767.73,3362209.66,76090.56,08/25/2024,-5.0
693,403,12,391,PURCHASE,close,1722.77,1448095.56,"$81,771.97",2024-07-30,68.0
694,280,3,325,Purchase,canceled,"$4,020.58",1777158.56,94960.51,2025-03-28,
695,451,35,313,SALE,PENDING,"$2,815,081","$3,231,376.34","$85,159.77",2024-10-26,0.0
696,278,23,353,RENTAL,PENDING,7127.38,"$2,687,026.13","$126,261.04",02-06-2026,0.0
697,439,41,260,sale,close,6355.28,2588168.52,"$103,514.59",09/30/2024,265.0
698,166,9,278,LEASE,Closed,"$1,330,961.13","$670,443.46",37579.42,07-06-2026,
699,431,6,379,RENTAL,ACTIVE,"$981,576",2009892.48,78761.86,2025-04-05,
700,181,17,244,Sale,WITHDRAWN,"$5,248",1533910.95,"$40,581.87",02/02/2025,148.0
701,222,28,175,SALE,cancelled,"$324,562.26",2206979.46,,2026-01-01,0.0
702,339,6,337,sale,CLOSED,682381.03,2181764.94,57329.63,25-09-2025,64.0
703,27,43,195,Rental,CLOSED,"$5,770",2094534.43,89724.59,26-01-2026,-5.0
704,115,27,87,PURCHASE,CLOSED,493038.49,1787411.5,90521.75,2024-07-31,0.0
705,362,14,48,Rental,canceled,"$1,965,403",2674809.08,"$69,350.94",05/09/2026,37.0
706,184,26,342,sale,closed,"$6,972",2139814.23,,27-07-2024,-5.0
707,118,43,385,PURCHASE,canceled,"$495,760",2965853.82,"$139,542.62",05/30/2026,-5.0
708,240,6,293,sale,close,"$1,950,749",794749.48,26081.31,08-03-2025,92.0
709,321,40,117,Sale,ACTIVE,"$663,539.32",1390480.64,,10-11-2024,0.0
710,294,44,14,rental,closed,1315705.61,"$288,315.96",8745.54,2025-09-10,138.0
711,342,27,78,Purchase,active,"$7,583.42",2964647.18,162930.58,03/22/2025,181.0
712,279,21,226,Purchase,canceled,"$6,311","$511,943.57",,2026-05-23,205.0
713,463,46,198,SALE,pending,7058.78,"$857,856.64","$17,721.11",2026-05-08,0.0
714,495,24,165,LEASE,canceled,"$7,809.23",3321394.79,"$122,776.53",17-05-2025,0.0
715,13,11,93,lease,Withdrawn,"$1,796,543",1668450.91,"$97,271.51",01/11/2025,0.0
716,77,3,293,Purchase,close,"$1,240,879",2929559.0,104332.24,06/08/2026,342.0
717,302,17,264,SALE,Cancelled,783519.95,1080752.77,,2026-05-01,
718,152,2,339,LEASE,Closed,1932360.07,2207378.7,"$110,065.65",05-05-2027,104.0
719,441,2,245,PURCHASE,active,6677.92,"$1,603,859.57","$75,336.97",2025-10-14,-5.0
720,453,12,6,LEASE,PENDING,1113053.31,348299.79,,10/27/2025,
721,233,46,58,SALE,WITHDRAWN,"$5,684","$3,366,157.79",138804.78,03/18/2026,17.0
722,469,33,363,PURCHASE,closed,"$2,885,092.58","$2,844,226.69",,11/14/2024,-5.0
723,380,10,233,Lease,ACTIVE,"$3,188",2857364.98,65747.06,2025-07-02,43.0
724,498,41,38,SALE,canceled,6754.59,"$1,504,408.14",68032.06,2024-08-18,-5.0
725,173,43,87,RENTAL,cancelled,5275.59,631605.62,,2025-09-06,136.0
726,73,35,198,lease,PENDING,2139027.16,"$393,958.61",14078.06,02/26/2026,365.0
727,239,50,96,RENTAL,Closed,"$7,198","$1,615,681.54","$36,268.88",02-06-2025,0.0
728,309,40,142,PURCHASE,ACTIVE,2952.41,3320685.34,132043.74,11/23/2024,-5.0
729,361,41,287,RENTAL,closed,748021.7,"$3,052,774.25",82554.58,2025-12-22,41.0
730,145,13,259,LEASE,PENDING,4373.0,906266.83,,12/03/2025,175.0
731,250,12,359,RENTAL,PENDING,"$1,336",3051567.44,"$100,239.55",12/16/2024,-5.0
732,145,22,298,RENTAL,canceled,4373.0,"$2,676,835.67","$139,175.97",04/19/2025,203.0
733,116,27,377,LEASE,PENDING,309630.66,3213869.17,74084.68,2025-11-27,
734,330,17,148,lease,cancelled,"$2,998.82",316905.56,"$14,306.24",2025-04-22,
735,275,36,61,Sale,Active,"$445,356",1271472.76,45982.66,03-04-2025,0.0
736,186,8,177,lease,ACTIVE,7473.69,2610034.99,65259.01,2024-10-16,-5.0
737,310,8,188,Rental,Closed,"$887,515.66","$1,547,087.88",,19-02-2026,108.0
738,95,14,120,Lease,Active,"$1,932,147",1554869.73,"$34,271.97",15-08-2025,
739,311,31,272,RENTAL,Cancelled,7556.56,"$3,159,744.45",74996.65,03-01-2026,
740,240,18,257,lease,canceled,"$1,950,749",2713940.16,93524.09,20-03-2025,
741,228,42,212,Purchase,ACTIVE,"$2,273,114.40","$3,322,723.01",,24-05-2025,-5.0
742,70,37,365,Lease,ACTIVE,"$6,469.88",203270.24,6737.89,15-10-2025,189.0
743,236,36,80,SALE,Withdrawn,"$3,364",1433509.86,,27-12-2025,
744,352,35,254,PURCHASE,CANCELLED,773957.9,1084960.51,54629.8,07/05/2024,313.0
745,460,13,93,sale,Withdrawn,2805825.61,836281.73,"$20,056.47",2025-07-08,219.0
746,239,28,146,LEASE,ACTIVE,"$7,198",3325083.85,,2025-08-10,152.0
747,450,48,285,RENTAL,canceled,2488833.48,1943462.07,"$102,433.39",2025-09-03,288.0
748,493,26,278,Rental,Closed,5842.94,453811.88,9579.33,2025-06-28,0.0
749,293,3,173,Lease,Withdrawn,6644.65,"$1,773,623.02",64921.4,19-06-2025,
750,196,39,382,Purchase,close,"$3,964","$902,644.21",44795.74,22-05-2026,-5.0
751,6,39,396,SALE,Withdrawn,7045.12,1471686.91,47010.93,02-03-2025,116.0
752,136,39,337,Sale,cancelled,"$1,213,333",1799561.36,,26-03-2027,
753,126,6,28,lease,Cancelled,"$2,986,969.84",2244936.13,83747.21,12/31/2024,252.0
754,344,26,143,LEASE,CANCELLED,"$7,360.59",3389444.81,"$165,022.28",2025-11-27,
755,58,2,50,LEASE,PENDING,"$7,570.84",504434.98,"$21,065.25",19-10-2024,
756,233,16,115,Rental,CLOSED,"$5,684",1456343.85,"$86,339.99",18-05-2026,0.0
757,205,7,141,RENTAL,ACTIVE,1067525.49,1420816.53,,14-05-2026,
758,427,32,375,Sale,active,7179.57,1951922.39,"$73,599.54",2024-09-12,152.0
759,7,36,153,lease,Cancelled,"$551,320.50",1964210.17,97764.83,2026-06-08,
760,191,10,67,LEASE,pending,"$2,110",2380123.91,"$84,109.56",2025-04-10,0.0
761,472,30,44,Sale,Closed,1937907.28,372534.88,10293.15,2024-11-28,
762,426,29,105,lease,Closed,"$1,968,253",956601.8,,28-11-2025,-5.0
763,357,6,329,Sale,canceled,961187.46,2109498.16,125741.82,04/01/2025,-5.0
764,219,42,75,LEASE,Closed,2776187.54,"$1,728,199.92",57280.24,12/01/2024,0.0
765,134,43,78,rental,WITHDRAWN,4333.48,689379.43,,03/07/2026,0.0
766,369,2,27,Sale,canceled,"$1,955",2297394.51,130868.31,2026-04-05,
767,293,4,118,Lease,Closed,6644.65,3065452.91,120706.52,2025-06-05,
768,457,5,343,Lease,WITHDRAWN,2767.73,"$2,331,726.00",55686.9,05/03/2026,94.0
769,107,2,331,Sale,Active,"$1,750.04","$311,616.09","$7,742.46",2024-10-31,0.0
770,431,24,83,rental,Active,"$981,576",2604726.13,63795.59,14-02-2026,
771,458,12,227,Rental,WITHDRAWN,2892.97,1471147.75,,31-01-2026,
772,10,34,204,Sale,close,1586723.84,489871.44,,05/07/2026,0.0
773,36,43,391,PURCHASE,PENDING,"$6,460",3281048.5,170752.12,12/26/2025,312.0
774,73,37,355,lease,PENDING,2139027.16,210608.3,"$8,256.90",17-12-2024,-5.0
775,400,50,390,PURCHASE,ACTIVE,"$458,786.91",2006711.71,86882.97,27-05-2026,0.0
776,447,3,11,LEASE,Withdrawn,2740.96,923996.54,"$25,653.05",2024-10-04,100.0
777,464,33,314,sale,PENDING,4914.88,682928.97,17956.83,07/07/2024,0.0
778,191,8,19,RENTAL,CANCELLED,"$2,110",2054741.75,43623.52,03/12/2025,60.0
779,366,8,151,SALE,cancelled,"$4,718.48",348499.62,16373.96,05-04-2026,0.0
780,499,29,328,Purchase,Closed,1963.25,2554306.9,,10/06/2025,300.0
781,327,11,212,SALE,Active,5292.92,"$877,540.50","$23,698.50",20-05-2026,
782,30,44,400,LEASE,WITHDRAWN,"$2,058,503.52",1119593.27,,2026-02-04,55.0
783,479,1,392,RENTAL,cancelled,2478328.4,1446596.03,"$82,108.98",2025-02-12,63.0
784,32,3,305,LEASE,canceled,5993.99,"$539,945.16",28881.89,19-06-2025,0.0
785,497,24,204,sale,PENDING,"$6,088",3110057.17,,01/31/2026,166.0
786,257,11,8,rental,cancelled,1545.62,2013368.26,"$62,653.85",01/12/2026,309.0
787,183,42,114,Lease,pending,6030.73,2238050.28,,04/20/2025,110.0
788,433,25,44,PURCHASE,Closed,"$6,536","$1,094,787.23",,03/25/2025,
789,303,46,36,RENTAL,Active,"$6,738.24","$276,398.40","$6,998.16",2024-10-13,210.0
790,200,48,307,rental,close,"$1,634.14",3387957.14,146588.53,2025-08-18,
791,164,14,397,LEASE,PENDING,"$1,063,240.66",1653300.34,91188.89,09-09-2024,0.0
792,159,2,131,PURCHASE,ACTIVE,"$1,241",2228661.03,,06/04/2025,356.0
793,37,39,342,RENTAL,Pending,"$658,594.89",637146.72,,23-11-2025,0.0
794,431,26,315,RENTAL,PENDING,"$981,576","$1,989,375.11",,12/25/2024,-5.0
795,141,31,322,Rental,closed,"$6,111.71",1631081.67,"$57,109.83",11/04/2024,
796,93,28,197,LEASE,WITHDRAWN,1880217.99,"$2,910,659.57",,12/02/2025,16.0
797,461,7,255,lease,pending,1824748.28,1006385.31,21979.66,2025-10-11,249.0
798,2,31,19,PURCHASE,Withdrawn,1422002.52,226620.76,10789.63,2025-01-02,-5.0
799,137,37,120,LEASE,pending,"$1,651",3215270.08,150040.71,2026-04-14,90.0
800,268,10,281,PURCHASE,CLOSED,6142.59,"$1,825,253.08","$108,024.90",2025-11-03,0.0
